{"name":"hello","created":"2017-04-21T07:46:05.305Z","intents":[{"intent":"hello","created":"2017-04-21T07:49:58.295Z","updated":"2017-04-21T15:30:14.880Z","examples":[{"text":"hello!","created":"2017-04-21T07:49:58.295Z","updated":"2017-04-21T07:49:58.295Z"},{"text":"hi","created":"2017-04-21T07:49:58.295Z","updated":"2017-04-21T07:49:58.295Z"},{"text":"hiii","created":"2017-04-21T15:29:24.917Z","updated":"2017-04-21T15:29:24.917Z"},{"text":"hi there!","created":"2017-04-21T07:49:58.295Z","updated":"2017-04-21T07:49:58.295Z"},{"text":"sup?","created":"2017-04-21T07:49:58.295Z","updated":"2017-04-21T07:49:58.295Z"},{"text":"wassup?","created":"2017-04-21T07:49:58.295Z","updated":"2017-04-21T07:49:58.295Z"},{"text":"whats up?","created":"2017-04-21T07:49:58.295Z","updated":"2017-04-21T07:49:58.295Z"}],"description":null},{"intent":"hi","created":"2017-04-21T07:51:35.720Z","updated":"2017-04-21T07:51:35.720Z","examples":[{"text":"hello!","created":"2017-04-21T07:51:35.720Z","updated":"2017-04-21T07:51:35.720Z"}],"description":null},{"intent":"howru","created":"2017-04-21T07:53:01.615Z","updated":"2017-04-21T15:30:13.639Z","examples":[{"text":"doing good!","created":"2017-04-21T07:53:01.615Z","updated":"2017-04-21T07:53:01.615Z"},{"text":"fine!","created":"2017-04-21T07:53:01.615Z","updated":"2017-04-21T07:53:01.615Z"},{"text":"good!","created":"2017-04-21T07:53:01.615Z","updated":"2017-04-21T07:53:01.615Z"},{"text":"great!","created":"2017-04-21T07:53:01.615Z","updated":"2017-04-21T07:53:01.615Z"},{"text":"how are you?","created":"2017-04-21T15:30:13.639Z","updated":"2017-04-21T15:30:13.639Z"}],"description":null}],"updated":"2017-04-21T15:31:38.896Z","entities":[{"entity":"sys-currency","values":[],"created":"2017-04-21T15:31:37.219Z","updated":"2017-04-21T15:31:37.219Z","metadata":null,"description":null},{"entity":"sys-date","values":[],"created":"2017-04-21T15:31:36.298Z","updated":"2017-04-21T15:31:36.298Z","metadata":null,"description":null},{"entity":"sys-number","values":[],"created":"2017-04-21T15:31:38.896Z","updated":"2017-04-21T15:31:38.896Z","metadata":null,"description":null},{"entity":"sys-percentage","values":[],"created":"2017-04-21T15:31:37.598Z","updated":"2017-04-21T15:31:37.598Z","metadata":null,"description":null},{"entity":"sys-time","values":[],"created":"2017-04-21T15:31:32.981Z","updated":"2017-04-21T15:31:32.981Z","metadata":null,"description":null}],"language":"en","metadata":null,"description":"hello","dialog_nodes":[],"workspace_id":"86597563-24cf-4d79-a555-e8f605c7d034","counterexamples":[]}